{
    {
        "model": "FNO2D",
        "dataset": "era5",
        "method": "bicubic",
        "scale factor": 8,
        "noise ratio": 0.0,
        "metrics": {
            "Infinity": {
                "test1 error": 2.4997684955596924,
                "test2 error": 2.5177316665649414
            },
            "RFNE": {
                "test1 error": 0.1926531344652176,
                "test2 error": 0.19163012504577637
            },
            "PSNR": {
                "test1 error": 25.327239990234375,
                "test2 error": 25.369638442993164
            },
            "SSIM": {
                "test1 error": 0.8090377449989319,
                "test2 error": 0.810011088848114
            }
        }
    },
}